{"color-set":{"site-bg-color-main":"#ffffff","main_text_colot":"#636D78","primary_color":"rgba(80,68,235,1.00)","primary-text-color":"#ffffff","secondary-color":"#f36a07","secondary-text-color":"#ffffff","global_input_bg":"#ffffff","global_input_border":"#ECEFF2","global_input_text":"#1F1F1F"},"btn_color":{"global_btn_bg":"#5044EB","global_btn_border":"#5044EB","global_btn_text":"#ffffff","global_btn_bg_hvr":"#1F1F1F","global_btn_border_hvr":"#1F1F1F","global_btn_text_hvr":"#ffffff"},"link_color":{"color":"rgba(31,31,31,1.00)","hover":"#5044EB"},"crete_global_color":"","crete--heading-color-d":"#1F1F1F","crete--border-color":"#EEEEEE","crete--border-gray":"#DEDEDE","crete--border-dark":"#242424","crete--white-color":"#ffffff","crete--light-color":"#F6F6F6","crete--light-bg":"#FBFAFA","crete--gray-color":"#737373","crete--gray-100":"#F2F1F9","crete--gray-200":"#9097A9","crete--light-stroke":"#ECEFF2","crete--black-color":"#000000","crete--black-light":"#242B3D","crete--light-white":"#F7F7F7","crete--sea-color":"#66D5EC","crete_magic_cursor":"standard","elementor_content":{"search-overlay":"#e2e0f5","ftitle_colose_color":"#ffffff","search_input":"#e2e0f5","search_input_border":"#e2e0f5","search_input_txt":"#77829D","search_cat_bg":"#05A845","search_cat_bar_border":"#05A845","search_cat_bar_text":"#ffffff","search_icon_bg_clr":"#ffffff","search_icon_clr":"#222","product_bg_color_src":"#fff","product_text_color_src":"#222"},"search_product_style":"list","search_product_grid_count":"6","search_category_ds":"show","search_style_ds":"one","gloabal_width_1400":"1320","gloabal_width_1200":"1140","elementor-width-overwrite":"","overwrite-elem-width":"1140","heading-one":{"font-family":"Albert Sans","font-weight":"700","font-style":"","subset":"","text-transform":"","font-size":"4.5","line-height":"5.1","letter-spacing":"","color":"#1F1F1F","type":"google","unit":"rem"},"heading-two":{"font-family":"Albert Sans","font-weight":"700","font-style":"","subset":"","text-transform":"","font-size":"3.375","line-height":"4","letter-spacing":"","color":"#1F1F1F","type":"google","unit":"rem"},"heading-three":{"font-family":"Albert Sans","font-weight":"700","font-style":"","subset":"","text-transform":"","font-size":"2.5","line-height":"3.375","letter-spacing":"","color":"#1F1F1F","type":"google","unit":"rem"},"heading-four":{"font-family":"Albert Sans","font-weight":"700","font-style":"","subset":"","text-transform":"","font-size":"2.25","line-height":"2.875","letter-spacing":"","color":"#1F1F1F","type":"google","unit":"rem"},"heading-five":{"font-family":"Albert Sans","font-weight":"700","font-style":"","subset":"","text-transform":"","font-size":"1.875","line-height":"2.5","letter-spacing":"","color":"#1F1F1F","type":"google","unit":"rem"},"heading-six":{"font-family":"Albert Sans","font-weight":"700","font-style":"","subset":"","text-transform":"","font-size":"1.5","line-height":"1.75","letter-spacing":"","color":"#1F1F1F","type":"google","unit":"rem"},"paragraph_typo":{"font-family":"Albert Sans","font-weight":"normal","font-style":"","subset":"","text-transform":"","font-size":"1","line-height":"1.625","letter-spacing":"","type":"google","unit":"rem"},"alt_typo":{"font-family":"","font-weight":"","font-style":"","subset":"","type":"","unit":"px"},"main-logo":{"url":"","id":"","width":"","height":"","thumbnail":"","alt":"","title":"","description":""},"main-offcanvas-logo":{"url":"https:\/\/crete.themepreview.xyz\/home-three\/wp-content\/uploads\/sites\/7\/2023\/07\/logo-white.png","id":"2167","width":"143","height":"40","thumbnail":"https:\/\/crete.themepreview.xyz\/home-three\/wp-content\/uploads\/sites\/7\/2023\/07\/logo-white-150x150.png","alt":"","title":"logo-white","description":""},"mobile_offcanvas_logo":{"url":"https:\/\/crete.themepreview.xyz\/home-three\/wp-content\/uploads\/sites\/7\/2023\/07\/logo-white.png","id":"2167","width":"143","height":"40","thumbnail":"https:\/\/crete.themepreview.xyz\/home-three\/wp-content\/uploads\/sites\/7\/2023\/07\/logo-white-150x150.png","alt":"","title":"logo-white","description":""},"crete-favicon":{"url":"","id":"","width":"","height":"","thumbnail":"","alt":"","title":"","description":""},"logo-width":"180","crete-header-style":"style-two","stl_one_phone":"1044123456789","stl_one_address":"27 Divi ST, Berlin, Germany","stl_one_email":"info@crete.com","style_one_social":[{"social_icon":"fab fa-facebook-f","social_link":"#"},{"social_icon":"fab fa-twitter","social_link":"#"}],"stl_contact_title":"Contact Us","stl_contact_url":"#","offcanvas_address":"Distrak Street 2SK Line, Germanygalore@inside-support.com (+125) 2156-2145","offcanvas_gallery":"2213,2214,2215,2216,2217,2218","stl-one-off-form-s":"[contact-form-7 id=\"2206\" title=\"Offcanvas Subcription Form\"]","offcanvas_btn_title":"Contact Us","offcanvas_btn_url":"#","stl_two_phone":"+2562582362589","stl_two_email":"info@crete.com","main_container_bg_h4":{"background-color":"","background-image":{"url":"","id":"","width":"","height":"","thumbnail":"","alt":"","title":"","description":""},"background-position":"","background-repeat":"","background-attachment":"","background-size":""},"hm4-menu":[{"title":"Home","link":"#","icon":"fas fa-home","active":""},{"title":"About","link":"#","icon":"fas fa-info","active":""}],"top_header_left_color":"rgba(31,31,31,1.00)","top_header_right_color":"","top_header_right_border_color":"#636D78","sticky_bar_enable":"disabled","sticky_bar_hide_mob":"enabled","sticky_bar_style":"standard","custom_code_notification":"","sticky_bg_color":"#FF3366","sticky_text_color":"#ffffff","sticky_btn_color":"#222","sticky_btn_text_color":"#ffffff","sticky_header_content":"","sticky_button_text":"Get Started","sticky_button_url":"","button_target":"self","padding_on_box":{"top":"10","right":"0","bottom":"10","left":"0","unit":"px"},"padding_on_button":{"top":"6","right":"12","bottom":"6","left":"12","unit":"px"},"x_breadcrumb_margin":{"top":"0","right":"0","bottom":"0","left":"0","unit":"px"},"x_breadcrumb_padding":{"top":"176","right":"15","bottom":"64","left":"15","unit":"px"},"x_breadcumb_bg":{"background-color":"","background-gradient-color":"","background-gradient-direction":"","background-image":{"url":"https:\/\/crete.themepreview.xyz\/home-three\/wp-content\/uploads\/sites\/7\/2023\/07\/breadcrumb-1.jpg","id":"2961","width":"1899","height":"683","thumbnail":"https:\/\/crete.themepreview.xyz\/home-three\/wp-content\/uploads\/sites\/7\/2023\/07\/breadcrumb-1-150x150.jpg","alt":"","title":"breadcrumb","description":""},"background-position":"left top","background-repeat":"no-repeat","background-attachment":"","background-size":"cover","background-origin":"","background-clip":"","background-blend-mode":""},"x_breadcumb_bg_overlay":{"background-color":"","background-gradient-color":"","background-gradient-direction":"","background-image":{"url":"","id":"","width":"","height":"","thumbnail":"","alt":"","title":"","description":""},"background-position":"","background-repeat":"","background-attachment":"","background-size":"","background-origin":"","background-clip":"","background-blend-mode":""},"x_breadcumb_color":"#fff","x_breadcumb_color_link":"#fff","enable_dbl_loader":"enabled","ldr_bg":"#FBEEE6","ldr_cirl_clr":"","footer_main_element":"full","footer_top_element":"social_slide","cta_bar_position":"other","social_slider_position":"allpage","cta_title":"Have a Project in Mind?","cta_desc":"Luctus sapien pellentesque arcu fermentum accumsan tempus nam facilisis ullamcorper","cta_btn_text":"Get Started","cta_btn_url":"#","footer_social_slider":[{"social_name":"Facebook","social_url":"https:\/\/facebook.com"},{"social_name":"Twitter","social_url":"https:\/\/twitter.com"},{"social_name":"Linked In","social_url":"https:\/\/linkedin.com"},{"social_name":"Intstagram","social_url":"https:\/\/instagram.com"},{"social_name":"Skype","social_url":"https:\/\/instagram.com"},{"social_name":"Slack","social_url":"https:\/\/instagram.com"},{"social_name":"Discord","social_url":"https:\/\/instagram.com"}],"back-top-top-enable":"enabled","backto_top_bt_border":"#2b2f3e4f","backto_top_bt_border_active":"#FF9515","backto_top_bt_icon":"#FF9515","footer_copyright_enable":"1","copyright_text":"\u00a9 copyright 2023 Crete I by Teconce","footer_padding":{"top":"100","right":"0","bottom":"0","left":"0","unit":"px"},"footer_bg":"rgba(16,23,39,1.00)","footer_title_color":"#9097A9","footer_text_color":"#ffffff","footer_border_color":"#242B3D","footer_ttl_border_color":"rgba(36,43,61,1.00)","brand_footer_bg":"#13114C","team_newsletter_switcher":"1","newsletter_section_subtitle":"What's Going On","newsletter_section_title":"Subscribe to our","newsletter_section_special_title":"Newsletter","newsletter_shortcode":"[contact-form-7 id=\"2967\" title=\"Team Single Newsletter\"]","newsletter_section_bg_img":{"url":"https:\/\/crete.themepreview.xyz\/home-three\/wp-content\/uploads\/sites\/7\/2023\/07\/newsletter-bg.jpg","id":"2965","width":"1920","height":"521","thumbnail":"https:\/\/crete.themepreview.xyz\/home-three\/wp-content\/uploads\/sites\/7\/2023\/07\/newsletter-bg-150x150.jpg","alt":"","title":"newsletter-bg","description":""},"team_blog_switcher":"1","Blog_section_subtitle":"What's Going On","blog_section_title":"Latest News","blog_section_special_title":"Updates","x_sbl_width_set":"","x_sblbreadcrumb_margin":{"top":"0","right":"0","bottom":"0","left":"0","unit":"px"},"x_sblbreadcrumb_padding":{"top":"65","right":"15","bottom":"58","left":"15","unit":"px"},"blog_thumnail_width":{"width":"","unit":"px"},"x_sblbreadcumb_bg":"#F5F5F5","x_sblbreadcumb_color":"#222","archive_thumnail_width_blog":{"width":"","unit":"px"},"admin_logo":{"url":"","id":"","width":"","height":"","thumbnail":"","alt":"","title":"","description":""},"admin_login_style":"style1","admin_login_bg_type":"color","admin_login_bg_color":"#c8c8d7","admin_login_bg":{"url":"","id":"","width":"","height":"","thumbnail":"","alt":"","title":"","description":""},"admin_overlay_color":"#c8c8d7","admin_login_custom_code_setting":"","admin_login_box_color":"#fff","admin_login_box_radius":{"top":"12","right":"12","bottom":"12","left":"12","unit":"px"},"admin_login_box_text_color":"#222","login_button_admin":"#ff553d","login_button_admin_txt":"#fff","login_button_admin_hvr":"#ff553d","login_button_admin_txt_hvr":"#fff","admin_login_button_radius":{"top":"4","right":"4","bottom":"4","left":"4","unit":"px"},"admin_input_fields_color":"#e8f0fe","admin_input_field_radius":{"top":"4","right":"4","bottom":"4","left":"4","unit":"px"},"custom_sidebar":"","font_family":"","maintenance_mode":"","maintenance_logo":{"url":"","id":"","width":"","height":"","thumbnail":"","alt":"","title":"","description":""},"mainteance_bg":{"background-color":"","background-image":{"url":"","id":"","width":"","height":"","thumbnail":"","alt":"","title":"","description":""},"background-position":"","background-repeat":"","background-attachment":"","background-size":""},"maintenance_mode_overlay":"","m_overlay_color":"","m_inner_box_color":"#ffffff","maintenance_title":"We Are Launching Soon","man_time_select":"","m_counter_bg_color":"#4CD080","m_counter_number_color":"#ffffff","m_counter_lable_color":"#ffffff","maintenance_shortcode":"","maintenance_style":"style1"}