{"color-set":{"site-bg-color-main":"rgba(27,27,27,1.00)","main_text_colot":"rgba(255,255,255,1.00)","primary_color":"#5044EB","primary-text-color":"#ffffff","secondary-color":"#f36a07","secondary-text-color":"#ffffff","global_input_bg":"#ffffff","global_input_border":"#ECEFF2","global_input_text":"#1F1F1F"},"btn_color":{"global_btn_bg":"#5044EB","global_btn_border":"#5044EB","global_btn_text":"#ffffff","global_btn_bg_hvr":"#1F1F1F","global_btn_border_hvr":"#1F1F1F","global_btn_text_hvr":"#ffffff"},"link_color":{"color":"#636D78","hover":"#5044EB"},"crete_global_color":"1","crete--heading-color-d":"rgba(255,255,255,1.00)","crete--border-color":"#EEEEEE","crete--border-gray":"#DEDEDE","crete--border-dark":"#242424","crete--white-color":"rgba(255,255,255,1.00)","crete--light-color":"#F6F6F6","crete--light-bg":"rgba(34,34,34,1.00)","crete--gray-color":"#737373","crete--gray-100":"#F2F1F9","crete--gray-200":"#9097A9","crete--light-stroke":"#ECEFF2","crete--black-color":"#000000","crete--black-light":"#242B3D","crete--light-white":"#F7F7F7","crete--sea-color":"#66D5EC","crete_magic_cursor":"standard","elementor_content":{"search-overlay":"#e2e0f5","ftitle_colose_color":"#ffffff","search_input":"#e2e0f5","search_input_border":"#e2e0f5","search_input_txt":"#77829D","search_cat_bg":"#05A845","search_cat_bar_border":"#05A845","search_cat_bar_text":"#ffffff","search_icon_bg_clr":"#ffffff","search_icon_clr":"#222","product_bg_color_src":"#fff","product_text_color_src":"#222"},"search_product_style":"list","search_product_grid_count":"6","search_category_ds":"show","search_style_ds":"one","gloabal_width_1400":"1320","gloabal_width_1200":"1140","elementor-width-overwrite":"","overwrite-elem-width":"1140","heading-one":{"font-family":"Albert Sans","font-weight":"700","font-style":"","subset":"","text-transform":"","font-size":"4.5","line-height":"5.1","letter-spacing":"","color":"#ffffff","type":"google","unit":"rem"},"heading-two":{"font-family":"Albert Sans","font-weight":"700","font-style":"","subset":"","text-transform":"","font-size":"3.375","line-height":"4","letter-spacing":"","color":"#ffffff","type":"google","unit":"rem"},"heading-three":{"font-family":"Albert Sans","font-weight":"700","font-style":"","subset":"","text-transform":"","font-size":"2","line-height":"2.5","letter-spacing":"","color":"#ffffff","type":"google","unit":"rem"},"heading-four":{"font-family":"Albert Sans","font-weight":"700","font-style":"","subset":"","text-transform":"","font-size":"1.5","line-height":"2.25","letter-spacing":"","color":"#ffffff","type":"google","unit":"rem"},"heading-five":{"font-family":"Albert Sans","font-weight":"700","font-style":"","subset":"","text-transform":"","font-size":"1.25","line-height":"1.875","letter-spacing":"","color":"#ffffff","type":"google","unit":"rem"},"heading-six":{"font-family":"Albert Sans","font-weight":"700","font-style":"","subset":"","text-transform":"","font-size":"1.125","line-height":"1.75","letter-spacing":"","color":"#ffffff","type":"google","unit":"rem"},"paragraph_typo":{"font-family":"Albert Sans","font-weight":"normal","font-style":"","subset":"","text-transform":"","font-size":"1","line-height":"1.625","letter-spacing":"","type":"google","unit":"rem"},"alt_typo":{"font-family":"","font-weight":"","font-style":"","subset":"","type":"","unit":"px"},"main-logo":{"url":"","id":"","width":"","height":"","thumbnail":"","alt":"","title":"","description":""},"main-offcanvas-logo":{"url":"","id":"","width":"","height":"","thumbnail":"","alt":"","title":"","description":""},"mobile_offcanvas_logo":{"url":"","id":"","width":"","height":"","thumbnail":"","alt":"","title":"","description":""},"crete-favicon":{"url":"","id":"","width":"","height":"","thumbnail":"","alt":"","title":"","description":""},"logo-width":"180","crete-header-style":"style-four","stl_one_phone":"","stl_one_address":"","stl_one_email":"","style_one_social":"","stl_contact_title":"","stl_contact_url":"","offcanvas_address":"","offcanvas_gallery":"","stl-one-off-form-s":"","offcanvas_btn_title":"","offcanvas_btn_url":"","stl_two_phone":"","stl_two_email":"","main_container_bg_h4":{"background-color":"","background-image":{"url":"https:\/\/crete.themepreview.xyz\/home-five\/wp-content\/uploads\/sites\/10\/2023\/08\/section-bg.jpg","id":"9","width":"1920","height":"1080","thumbnail":"https:\/\/crete.themepreview.xyz\/home-five\/wp-content\/uploads\/sites\/10\/2023\/08\/section-bg-150x150.jpg","alt":"","title":"section-bg","description":""},"background-position":"left top","background-repeat":"no-repeat","background-attachment":"","background-size":"cover"},"hm4-menu":[{"title":"Home","link":"#home","icon":"","image":{"url":"https:\/\/crete.themepreview.xyz\/home-five\/wp-content\/uploads\/sites\/10\/2023\/08\/Vector-7.svg","id":"3204","width":"18","height":"18","thumbnail":"https:\/\/crete.themepreview.xyz\/home-five\/wp-content\/uploads\/sites\/10\/2023\/08\/Vector-7.svg","alt":"","title":"Vector (7)","description":""},"active":"1"},{"title":"About","link":"#about","icon":"","image":{"url":"https:\/\/crete.themepreview.xyz\/home-five\/wp-content\/uploads\/sites\/10\/2023\/08\/Vector-8.svg","id":"3205","width":"16","height":"21","thumbnail":"https:\/\/crete.themepreview.xyz\/home-five\/wp-content\/uploads\/sites\/10\/2023\/08\/Vector-8.svg","alt":"","title":"Vector (8)","description":""},"active":""},{"title":"Project","link":"#project","icon":"","image":{"url":"https:\/\/crete.themepreview.xyz\/home-five\/wp-content\/uploads\/sites\/10\/2023\/08\/Vector-9.svg","id":"3206","width":"22","height":"21","thumbnail":"https:\/\/crete.themepreview.xyz\/home-five\/wp-content\/uploads\/sites\/10\/2023\/08\/Vector-9.svg","alt":"","title":"Vector (9)","description":""},"active":""},{"title":"Blog","link":"#blog","icon":"","image":{"url":"https:\/\/crete.themepreview.xyz\/home-five\/wp-content\/uploads\/sites\/10\/2023\/08\/Vector-10.svg","id":"3207","width":"20","height":"20","thumbnail":"https:\/\/crete.themepreview.xyz\/home-five\/wp-content\/uploads\/sites\/10\/2023\/08\/Vector-10.svg","alt":"","title":"Vector (10)","description":""},"active":""},{"title":"Contact","link":"#contact","icon":"","image":{"url":"https:\/\/crete.themepreview.xyz\/home-five\/wp-content\/uploads\/sites\/10\/2023\/08\/Vector-11.svg","id":"3208","width":"18","height":"20","thumbnail":"https:\/\/crete.themepreview.xyz\/home-five\/wp-content\/uploads\/sites\/10\/2023\/08\/Vector-11.svg","alt":"","title":"Vector (11)","description":""},"active":""}],"top_header_left_color":"#ffffff","top_header_right_color":"#636D78","top_header_right_border_color":"#636D78","sticky_bar_enable":"disabled","sticky_bar_hide_mob":"enabled","sticky_bar_style":"standard","custom_code_notification":"","sticky_bg_color":"#FF3366","sticky_text_color":"#ffffff","sticky_btn_color":"#222","sticky_btn_text_color":"#ffffff","sticky_header_content":"","sticky_button_text":"Get Started","sticky_button_url":"","button_target":"self","padding_on_box":{"top":"10","right":"0","bottom":"10","left":"0","unit":"px"},"padding_on_button":{"top":"6","right":"12","bottom":"6","left":"12","unit":"px"},"x_breadcrumb_margin":{"top":"0","right":"0","bottom":"0","left":"0","unit":"px"},"x_breadcrumb_padding":{"top":"176","right":"15","bottom":"64","left":"15","unit":"px"},"x_breadcumb_bg":{"background-color":"","background-gradient-color":"","background-gradient-direction":"","background-image":{"url":"","id":"","width":"","height":"","thumbnail":"","alt":"","title":"","description":""},"background-position":"","background-repeat":"","background-attachment":"","background-size":"","background-origin":"","background-clip":"","background-blend-mode":""},"x_breadcumb_bg_overlay":{"background-color":"","background-gradient-color":"","background-gradient-direction":"","background-image":{"url":"","id":"","width":"","height":"","thumbnail":"","alt":"","title":"","description":""},"background-position":"","background-repeat":"","background-attachment":"","background-size":"","background-origin":"","background-clip":"","background-blend-mode":""},"x_breadcumb_color":"#fff","x_breadcumb_color_link":"#fff","enable_dbl_loader":"disabled","ldr_bg":"#FBEEE6","ldr_cirl_clr":"","footer_main_element":"none","footer_top_element":"cta-bar","cta_bar_position":"home","social_slider_position":"other","cta_title":"Have a Project in Mind?","cta_desc":"Luctus sapien pellentesque arcu fermentum accumsan tempus nam facilisis ullamcorper,","cta_btn_text":"Get Started","cta_btn_url":"#","footer_social_slider":"","back-top-top-enable":"enabled","backto_top_bt_border":"#2b2f3e4f","backto_top_bt_border_active":"#FF9515","backto_top_bt_icon":"#FF9515","footer_copyright_enable":"1","copyright_text":"\u00a9 copyright 2023 Crete I by Teconce","footer_padding":{"top":"100","right":"0","bottom":"0","left":"0","unit":"px"},"footer_bg":"#101727","footer_title_color":"#9097A9","footer_text_color":"#ffffff","footer_border_color":"#242B3D","footer_ttl_border_color":"#1A185E","brand_footer_bg":"#13114C","team_newsletter_switcher":"1","newsletter_section_subtitle":"What's Going On","newsletter_section_title":"Subscribe to our","newsletter_section_special_title":"Newsletter","newsletter_shortcode":"","newsletter_section_bg_img":{"url":"","id":"","width":"","height":"","thumbnail":"","alt":"","title":"","description":""},"team_blog_switcher":"1","Blog_section_subtitle":"What's Going On","blog_section_title":"Latest News","blog_section_special_title":"Updates","x_sbl_width_set":"","x_sblbreadcrumb_margin":{"top":"0","right":"0","bottom":"0","left":"0","unit":"px"},"x_sblbreadcrumb_padding":{"top":"65","right":"15","bottom":"58","left":"15","unit":"px"},"blog_thumnail_width":{"width":"","unit":"px"},"x_sblbreadcumb_bg":"#F5F5F5","x_sblbreadcumb_color":"#222","archive_thumnail_width_blog":{"width":"","unit":"px"},"admin_logo":{"url":"","id":"","width":"","height":"","thumbnail":"","alt":"","title":"","description":""},"admin_login_style":"style1","admin_login_bg_type":"color","admin_login_bg_color":"#c8c8d7","admin_login_bg":{"url":"","id":"","width":"","height":"","thumbnail":"","alt":"","title":"","description":""},"admin_overlay_color":"#c8c8d7","admin_login_custom_code_setting":"","admin_login_box_color":"#fff","admin_login_box_radius":{"top":"12","right":"12","bottom":"12","left":"12","unit":"px"},"admin_login_box_text_color":"#222","login_button_admin":"#ff553d","login_button_admin_txt":"#fff","login_button_admin_hvr":"#ff553d","login_button_admin_txt_hvr":"#fff","admin_login_button_radius":{"top":"4","right":"4","bottom":"4","left":"4","unit":"px"},"admin_input_fields_color":"#e8f0fe","admin_input_field_radius":{"top":"4","right":"4","bottom":"4","left":"4","unit":"px"},"custom_sidebar":"","font_family":"","maintenance_mode":"","maintenance_logo":{"url":"","id":"","width":"","height":"","thumbnail":"","alt":"","title":"","description":""},"mainteance_bg":{"background-color":"","background-image":{"url":"","id":"","width":"","height":"","thumbnail":"","alt":"","title":"","description":""},"background-position":"","background-repeat":"","background-attachment":"","background-size":""},"maintenance_mode_overlay":"","m_overlay_color":"","m_inner_box_color":"#ffffff","maintenance_title":"We Are Launching Soon","man_time_select":"","m_counter_bg_color":"#4CD080","m_counter_number_color":"#ffffff","m_counter_lable_color":"#ffffff","maintenance_shortcode":"","maintenance_style":"style1"}